timestamp,meter_id,zone,floor,hour,day,electricity_kwh,water_lph
2026-01-21 23:00:00,A3,A,3,23,Wednesday,1.3369710635300835,11.196912396365594
2026-01-22 00:00:00,A3,A,3,0,Thursday,0.7671102529886754,6.237613416237836
2026-01-22 01:00:00,A3,A,3,1,Thursday,1.2157198020648885,17.35146285963615
2026-01-22 02:00:00,A3,A,3,2,Thursday,1.4962273195936728,15.704944731902994
2026-01-22 03:00:00,A3,A,3,3,Thursday,0.7379774837365547,14.33114269256458
2026-01-22 04:00:00,A3,A,3,4,Thursday,0.6285443059285265,0.7291699958095386
2026-01-22 05:00:00,A3,A,3,5,Thursday,0.8081774135412434,11.853730812277968
2026-01-22 06:00:00,A3,A,3,6,Thursday,0.5707540461447043,20.282623260700902
2026-01-22 07:00:00,A3,A,3,7,Thursday,1.3207762857964072,66.23878797013403
2026-01-22 08:00:00,A3,A,3,8,Thursday,1.000041128137258,57.731340658025594
2026-01-22 09:00:00,A3,A,3,9,Thursday,2.9045571894004105,61.41807158531407
2026-01-22 10:00:00,A3,A,3,10,Thursday,2.70201891787242,44.072547043107775
2026-01-22 11:00:00,A3,A,3,11,Thursday,3.334943582034034,38.201419886985995
2026-01-22 12:00:00,A3,A,3,12,Thursday,3.0167615674999526,44.05164395114831
2026-01-22 13:00:00,A3,A,3,13,Thursday,3.1454997517838046,31.1433955905416
2026-01-22 14:00:00,A3,A,3,14,Thursday,3.197998846127994,41.47788128076239
2026-01-22 15:00:00,A3,A,3,15,Thursday,3.5713762024036066,44.637193667825
2026-01-22 16:00:00,A3,A,3,16,Thursday,2.9993329486080027,29.864048252474326
2026-01-22 17:00:00,A3,A,3,17,Thursday,3.7102001250410983,62.2030635359262
2026-01-22 18:00:00,A3,A,3,18,Thursday,3.7137579966466054,53.89609235772504
2026-01-22 19:00:00,A3,A,3,19,Thursday,3.4792203035682614,54.89589258974953
2026-01-22 20:00:00,A3,A,3,20,Thursday,3.8182232454096896,54.77188845010459
2026-01-22 21:00:00,A3,A,3,21,Thursday,0.7833547300573431,11.990266451765994
2026-01-22 22:00:00,A3,A,3,22,Thursday,1.1585724644671305,16.272257470197008
2026-01-22 23:00:00,A3,A,3,23,Thursday,1.4301897441859852,10.74709854018477
2026-01-23 00:00:00,A3,A,3,0,Friday,1.4863099663685593,8.510777701246022
2026-01-23 01:00:00,A3,A,3,1,Friday,1.3233646356466533,13.890765482855906
2026-01-23 02:00:00,A3,A,3,2,Friday,1.3499495508982267,13.677788434107951
2026-01-23 03:00:00,A3,A,3,3,Friday,0.6632257835106043,13.538840700481085
2026-01-23 04:00:00,A3,A,3,4,Friday,1.1321432698606702,0.0
2026-01-23 05:00:00,A3,A,3,5,Friday,1.1467711402982448,18.750351910135944
2026-01-23 06:00:00,A3,A,3,6,Friday,0.9861602431032117,16.126947029128893
2026-01-23 07:00:00,A3,A,3,7,Friday,0.7652768778710771,60.37924265588329
2026-01-23 08:00:00,A3,A,3,8,Friday,0.9546724862642403,63.99889997585125
2026-01-23 09:00:00,A3,A,3,9,Friday,3.576500644350248,73.20682311786577
2026-01-23 10:00:00,A3,A,3,10,Friday,3.0914588210257494,36.093378890756156
2026-01-23 11:00:00,A3,A,3,11,Friday,3.0038254479368716,39.37788548221872
2026-01-23 12:00:00,A3,A,3,12,Friday,3.626479208182775,44.560140306499754
2026-01-23 13:00:00,A3,A,3,13,Friday,3.3848704812801693,36.15523486573023
2026-01-23 14:00:00,A3,A,3,14,Friday,3.154908384707151,43.90883786018374
2026-01-23 15:00:00,A3,A,3,15,Friday,3.31913747048354,33.879534062424526
2026-01-23 16:00:00,A3,A,3,16,Friday,2.767961293692747,42.845694076789194
2026-01-23 17:00:00,A3,A,3,17,Friday,3.240295363942564,52.37643034855209
2026-01-23 18:00:00,A3,A,3,18,Friday,3.7830271480118105,46.87917585241518
2026-01-23 19:00:00,A3,A,3,19,Friday,3.210573099661215,53.958970142204606
2026-01-23 20:00:00,A3,A,3,20,Friday,3.3875174532134733,54.71928930285613
2026-01-23 21:00:00,A3,A,3,21,Friday,1.4468240094462725,6.7657532772940545
2026-01-23 22:00:00,A3,A,3,22,Friday,1.256773626309048,14.451914566866812
2026-01-23 23:00:00,A3,A,3,23,Friday,0.9682076096521888,10.017598841888525
2026-01-24 00:00:00,A3,A,3,0,Saturday,0.9101353631868564,22.937475121313685
2026-01-24 01:00:00,A3,A,3,1,Saturday,0.9980938419004582,10.898335094776073
2026-01-24 02:00:00,A3,A,3,2,Saturday,1.2789691762991147,14.782649365157877
2026-01-24 03:00:00,A3,A,3,3,Saturday,0.8156581118444668,14.979869993676408
2026-01-24 04:00:00,A3,A,3,4,Saturday,1.1567135809086455,7.2493691317522
2026-01-24 05:00:00,A3,A,3,5,Saturday,1.2765450935696483,17.267816716558443
2026-01-24 06:00:00,A3,A,3,6,Saturday,1.2059236510030336,19.319921588305675
2026-01-24 07:00:00,A3,A,3,7,Saturday,1.1001816416494448,63.18280305785282
2026-01-24 08:00:00,A3,A,3,8,Saturday,0.679271374861437,67.86052568726764
2026-01-24 09:00:00,A3,A,3,9,Saturday,3.3236575836344713,64.8863127979568
2026-01-24 10:00:00,A3,A,3,10,Saturday,3.505123254124738,30.21901439287234
2026-01-24 11:00:00,A3,A,3,11,Saturday,3.41065593867961,44.89011219693621
2026-01-24 12:00:00,A3,A,3,12,Saturday,3.1416853307804775,23.7490090783354
2026-01-24 13:00:00,A3,A,3,13,Saturday,2.9895008242867895,40.56599780116283
2026-01-24 14:00:00,A3,A,3,14,Saturday,2.9660948566496583,33.47743399064231
2026-01-24 15:00:00,A3,A,3,15,Saturday,3.077058015466734,29.016085151334963
2026-01-24 16:00:00,A3,A,3,16,Saturday,2.8894027456333404,35.57411336489936
2026-01-24 17:00:00,A3,A,3,17,Saturday,2.9767164237952257,49.81501989275639
2026-01-24 18:00:00,A3,A,3,18,Saturday,2.8778627170169675,59.834235749473216
2026-01-24 19:00:00,A3,A,3,19,Saturday,3.1843477245874294,56.30972871920736
2026-01-24 20:00:00,A3,A,3,20,Saturday,3.4205904390686213,48.41838004052314
2026-01-24 21:00:00,A3,A,3,21,Saturday,1.2949139582596458,3.0279728985332817
2026-01-24 22:00:00,A3,A,3,22,Saturday,1.5653649698963705,7.8521252549326075
2026-01-24 23:00:00,A3,A,3,23,Saturday,1.2468836634151157,21.641611721926143
2026-01-25 00:00:00,A3,A,3,0,Sunday,1.2351688510686738,11.372949109381308
2026-01-25 01:00:00,A3,A,3,1,Sunday,1.5943625436884181,17.546067996917543
2026-01-25 02:00:00,A3,A,3,2,Sunday,0.975284764627767,19.869732629009
2026-01-25 03:00:00,A3,A,3,3,Sunday,1.5191019825148273,14.772995007187903
2026-01-25 04:00:00,A3,A,3,4,Sunday,1.4085843338684236,11.709897503455029
2026-01-25 05:00:00,A3,A,3,5,Sunday,1.0554821997372057,16.34134134036724
2026-01-25 06:00:00,A3,A,3,6,Sunday,1.2109596733664263,19.10240322973974
2026-01-25 07:00:00,A3,A,3,7,Sunday,1.1289883457886767,68.17373149554382
2026-01-25 08:00:00,A3,A,3,8,Sunday,1.0732097017689837,53.86756883306819
2026-01-25 09:00:00,A3,A,3,9,Sunday,3.3777393686240664,57.66895804829891
2026-01-25 10:00:00,A3,A,3,10,Sunday,3.192916737113048,37.38466724596442
2026-01-25 11:00:00,A3,A,3,11,Sunday,3.3029666068370513,49.646315644575814
2026-01-25 12:00:00,A3,A,3,12,Sunday,3.217039014298667,43.65931588187702
2026-01-25 13:00:00,A3,A,3,13,Sunday,3.1497112198132786,34.39021302595297
2026-01-25 14:00:00,A3,A,3,14,Sunday,2.937755248047033,41.043918868483495
2026-01-25 15:00:00,A3,A,3,15,Sunday,3.44073296764165,44.669023960400004
2026-01-25 16:00:00,A3,A,3,16,Sunday,3.2940869024447794,42.51100624227257
2026-01-25 17:00:00,A3,A,3,17,Sunday,3.5935255018330077,61.7662846109365
2026-01-25 18:00:00,A3,A,3,18,Sunday,3.194952736779623,59.87226052423886
2026-01-25 19:00:00,A3,A,3,19,Sunday,3.6410443054182715,60.62168163885336
2026-01-25 20:00:00,A3,A,3,20,Sunday,3.619937114611199,51.820293281710995
2026-01-25 21:00:00,A3,A,3,21,Sunday,1.6199922618277927,18.451415564478015
2026-01-25 22:00:00,A3,A,3,22,Sunday,1.1793871939530627,14.86095758263294
2026-01-25 23:00:00,A3,A,3,23,Sunday,0.8136821205931776,16.384197370169826
2026-01-26 00:00:00,A3,A,3,0,Monday,1.2602944431948038,17.099984666025268
2026-01-26 01:00:00,A3,A,3,1,Monday,0.7257940508189307,18.831720583746097
2026-01-26 02:00:00,A3,A,3,2,Monday,1.2307672889951018,20.196303350783268
2026-01-26 03:00:00,A3,A,3,3,Monday,1.5292475218973587,0.0
2026-01-26 04:00:00,A3,A,3,4,Monday,1.184498592017897,25.063463606397423
2026-01-26 05:00:00,A3,A,3,5,Monday,0.8025060496068401,0.670032583568636
2026-01-26 06:00:00,A3,A,3,6,Monday,1.240135725829763,7.918572214072739
2026-01-26 07:00:00,A3,A,3,7,Monday,0.8939301944545661,71.39039604982958
2026-01-26 08:00:00,A3,A,3,8,Monday,0.9562027280023795,65.83094698920078
2026-01-26 09:00:00,A3,A,3,9,Monday,2.770993739039862,69.46998751981707
2026-01-26 10:00:00,A3,A,3,10,Monday,3.0902937988315107,48.82009250149724
2026-01-26 11:00:00,A3,A,3,11,Monday,3.217162946828272,37.84499142166958
2026-01-26 12:00:00,A3,A,3,12,Monday,3.393627814588789,49.852838799449316
2026-01-26 13:00:00,A3,A,3,13,Monday,3.348143693533181,38.132550732894885
2026-01-26 14:00:00,A3,A,3,14,Monday,3.1603665180430114,37.257878795203254
2026-01-26 15:00:00,A3,A,3,15,Monday,3.2931641300900205,38.70203807313491
2026-01-26 16:00:00,A3,A,3,16,Monday,3.4108203333110394,35.157470920743236
2026-01-26 17:00:00,A3,A,3,17,Monday,3.4079318695255605,55.09228364826522
2026-01-26 18:00:00,A3,A,3,18,Monday,3.329460114217747,51.93935209671284
2026-01-26 19:00:00,A3,A,3,19,Monday,3.4028859454626588,57.04359126344072
2026-01-26 20:00:00,A3,A,3,20,Monday,3.137731919813747,52.729610474359866
2026-01-26 21:00:00,A3,A,3,21,Monday,1.2503365903889754,6.994268227229474
2026-01-26 22:00:00,A3,A,3,22,Monday,1.5549471637944532,18.031739908562635
2026-01-26 23:00:00,A3,A,3,23,Monday,0.9100923277018174,14.650350961132432
2026-01-27 00:00:00,A3,A,3,0,Tuesday,1.1590938058830813,6.882015178685348
2026-01-27 01:00:00,A3,A,3,1,Tuesday,1.1220116101012403,27.549993462301604
2026-01-27 02:00:00,A3,A,3,2,Tuesday,0.7454205299809676,10.635357600134155
2026-01-27 03:00:00,A3,A,3,3,Tuesday,1.349867815538499,15.983265623068078
2026-01-27 04:00:00,A3,A,3,4,Tuesday,1.04302863869432,22.648677364267158
2026-01-27 05:00:00,A3,A,3,5,Tuesday,1.2068041934374398,10.437880326046749
2026-01-27 06:00:00,A3,A,3,6,Tuesday,1.007256721911323,0.0
2026-01-27 07:00:00,A3,A,3,7,Tuesday,1.0241858789378142,71.42785506424198
2026-01-27 08:00:00,A3,A,3,8,Tuesday,0.9664784652492734,80.0
2026-01-27 09:00:00,A3,A,3,9,Tuesday,3.517758941033862,67.97167181201678
2026-01-27 10:00:00,A3,A,3,10,Tuesday,3.178126979890838,31.418007320157944
2026-01-27 11:00:00,A3,A,3,11,Tuesday,3.014468362129351,47.48859829365198
2026-01-27 12:00:00,A3,A,3,12,Tuesday,3.2047152974124495,41.518240423494035
2026-01-27 13:00:00,A3,A,3,13,Tuesday,3.233150231874138,43.532819094900134
2026-01-27 14:00:00,A3,A,3,14,Tuesday,3.2873248071087033,35.89857448112522
2026-01-27 15:00:00,A3,A,3,15,Tuesday,3.1296407154688883,31.094769560674052
2026-01-27 16:00:00,A3,A,3,16,Tuesday,3.122798098994335,35.919624163632726
2026-01-27 17:00:00,A3,A,3,17,Tuesday,3.068278633268812,55.5756875662911
2026-01-27 18:00:00,A3,A,3,18,Tuesday,3.2080405725684535,60.191218321404655
2026-01-27 19:00:00,A3,A,3,19,Tuesday,2.9916606438520073,49.006875715713036
2026-01-27 20:00:00,A3,A,3,20,Tuesday,3.4078896385958792,49.65690628897382
2026-01-27 21:00:00,A3,A,3,21,Tuesday,1.2576653192843426,12.131501329414629
2026-01-27 22:00:00,A3,A,3,22,Tuesday,1.4771652457434046,16.45699475943707
2026-01-27 23:00:00,A3,A,3,23,Tuesday,0.7969122912106215,15.904366995961503
2026-01-28 00:00:00,A3,A,3,0,Wednesday,0.9341298172877512,9.54179764201903
2026-01-28 01:00:00,A3,A,3,1,Wednesday,1.4658091496989891,12.964171826919388
2026-01-28 02:00:00,A3,A,3,2,Wednesday,0.9926712386797809,15.101321191556831
2026-01-28 03:00:00,A3,A,3,3,Wednesday,1.1563830409326648,11.62395175508118
2026-01-28 04:00:00,A3,A,3,4,Wednesday,1.1050675802114647,1.8552108544922579
2026-01-28 05:00:00,A3,A,3,5,Wednesday,0.7730689141683604,13.982409730222221
2026-01-28 06:00:00,A3,A,3,6,Wednesday,0.9948872250897857,13.72377361104055
2026-01-28 07:00:00,A3,A,3,7,Wednesday,1.4672137232200448,61.834409956971555
2026-01-28 08:00:00,A3,A,3,8,Wednesday,1.253976428017276,65.1064497139758
2026-01-28 09:00:00,A3,A,3,9,Wednesday,3.601214946842125,64.29970712020229
2026-01-28 10:00:00,A3,A,3,10,Wednesday,3.2279855641065316,40.85074234376896
2026-01-28 11:00:00,A3,A,3,11,Wednesday,2.9351226874257277,48.15585807143263
2026-01-28 12:00:00,A3,A,3,12,Wednesday,3.2519078847543943,35.48525722697878
2026-01-28 13:00:00,A3,A,3,13,Wednesday,3.090996445966046,42.21808819811881
2026-01-28 14:00:00,A3,A,3,14,Wednesday,3.202753898929405,36.61519567403687
2026-01-28 15:00:00,A3,A,3,15,Wednesday,3.4537541048292915,33.446532166263964
2026-01-28 16:00:00,A3,A,3,16,Wednesday,3.718115693482418,46.74509426207061
2026-01-28 17:00:00,A3,A,3,17,Wednesday,3.4945464555470047,60.20256687805804
2026-01-28 18:00:00,A3,A,3,18,Wednesday,3.2915030333320017,61.207278528621856
2026-01-28 19:00:00,A3,A,3,19,Wednesday,3.5597842273549727,64.89136273200484
2026-01-28 20:00:00,A3,A,3,20,Wednesday,3.490815481823975,64.94328349469423
2026-01-28 21:00:00,A3,A,3,21,Wednesday,1.0572306536499545,9.830039658591158
2026-01-28 22:00:00,A3,A,3,22,Wednesday,0.9672873663998921,0.0
2026-01-28 23:00:00,A3,A,3,23,Wednesday,0.9858707887993607,12.818231138679048
