timestamp,meter_id,zone,floor,hour,day,electricity_kwh,water_lph
2026-01-21 23:00:00,B0,B,0,23,Wednesday,1.0669183286734871,0.0
2026-01-22 00:00:00,B0,B,0,0,Thursday,1.0938136896782975,0.0
2026-01-22 01:00:00,B0,B,0,1,Thursday,1.681744726919583,0.0
2026-01-22 02:00:00,B0,B,0,2,Thursday,1.1530310049683552,0.0
2026-01-22 03:00:00,B0,B,0,3,Thursday,1.165681518890315,0.0
2026-01-22 04:00:00,B0,B,0,4,Thursday,1.4457359441386601,0.0
2026-01-22 05:00:00,B0,B,0,5,Thursday,1.2464448028323536,0.0
2026-01-22 06:00:00,B0,B,0,6,Thursday,1.063106836188383,0.0
2026-01-22 07:00:00,B0,B,0,7,Thursday,1.755513093413883,0.0
2026-01-22 08:00:00,B0,B,0,8,Thursday,0.9757045267467659,0.0
2026-01-22 09:00:00,B0,B,0,9,Thursday,3.8033508876244326,0.0
2026-01-22 10:00:00,B0,B,0,10,Thursday,3.770877680850197,0.0
2026-01-22 11:00:00,B0,B,0,11,Thursday,4.0,0.0
2026-01-22 12:00:00,B0,B,0,12,Thursday,3.4235574802132636,0.0
2026-01-22 13:00:00,B0,B,0,13,Thursday,3.703329768684551,0.0
2026-01-22 14:00:00,B0,B,0,14,Thursday,3.605962087572919,0.0
2026-01-22 15:00:00,B0,B,0,15,Thursday,3.3056798174785564,0.0
2026-01-22 16:00:00,B0,B,0,16,Thursday,3.647492281833454,0.0
2026-01-22 17:00:00,B0,B,0,17,Thursday,3.9006914708286913,0.0
2026-01-22 18:00:00,B0,B,0,18,Thursday,4.0,0.0
2026-01-22 19:00:00,B0,B,0,19,Thursday,3.8827822906906118,0.0
2026-01-22 20:00:00,B0,B,0,20,Thursday,3.9121692488938136,0.0
2026-01-22 21:00:00,B0,B,0,21,Thursday,1.5709201924114349,0.0
2026-01-22 22:00:00,B0,B,0,22,Thursday,1.737351442789628,0.0
2026-01-22 23:00:00,B0,B,0,23,Thursday,1.4765620377528221,0.0
2026-01-23 00:00:00,B0,B,0,0,Friday,1.3664277936859237,0.0
2026-01-23 01:00:00,B0,B,0,1,Friday,0.927623844078489,0.0
2026-01-23 02:00:00,B0,B,0,2,Friday,1.0746604125218528,0.0
2026-01-23 03:00:00,B0,B,0,3,Friday,1.4837412654653652,0.0
2026-01-23 04:00:00,B0,B,0,4,Friday,1.4545010430124317,0.0
2026-01-23 05:00:00,B0,B,0,5,Friday,1.2459646597504659,0.0
2026-01-23 06:00:00,B0,B,0,6,Friday,1.5347142441390036,0.0
2026-01-23 07:00:00,B0,B,0,7,Friday,1.017066203407387,0.0
2026-01-23 08:00:00,B0,B,0,8,Friday,0.992657490060646,0.0
2026-01-23 09:00:00,B0,B,0,9,Friday,3.3829612475647877,0.0
2026-01-23 10:00:00,B0,B,0,10,Friday,3.8237726971770143,0.0
2026-01-23 11:00:00,B0,B,0,11,Friday,3.6435380720247013,0.0
2026-01-23 12:00:00,B0,B,0,12,Friday,3.6867085889546893,0.0
2026-01-23 13:00:00,B0,B,0,13,Friday,3.8089470889488064,0.0
2026-01-23 14:00:00,B0,B,0,14,Friday,3.8156776840468676,0.0
2026-01-23 15:00:00,B0,B,0,15,Friday,3.259136800339406,0.0
2026-01-23 16:00:00,B0,B,0,16,Friday,3.7136648604209106,0.0
2026-01-23 17:00:00,B0,B,0,17,Friday,4.0,0.0
2026-01-23 18:00:00,B0,B,0,18,Friday,4.0,0.0
2026-01-23 19:00:00,B0,B,0,19,Friday,4.0,0.0
2026-01-23 20:00:00,B0,B,0,20,Friday,4.0,0.0
2026-01-23 21:00:00,B0,B,0,21,Friday,1.043880172012316,0.0
2026-01-23 22:00:00,B0,B,0,22,Friday,1.2412743020723085,0.0
2026-01-23 23:00:00,B0,B,0,23,Friday,1.169737270970266,0.0
2026-01-24 00:00:00,B0,B,0,0,Saturday,1.342418937947287,0.0
2026-01-24 01:00:00,B0,B,0,1,Saturday,1.096696838531289,0.0
2026-01-24 02:00:00,B0,B,0,2,Saturday,1.2510329345105469,0.0
2026-01-24 03:00:00,B0,B,0,3,Saturday,1.1626470424206348,0.0
2026-01-24 04:00:00,B0,B,0,4,Saturday,1.5064363088639732,0.0
2026-01-24 05:00:00,B0,B,0,5,Saturday,1.4226041869934027,0.0
2026-01-24 06:00:00,B0,B,0,6,Saturday,1.6189265635590777,0.0
2026-01-24 07:00:00,B0,B,0,7,Saturday,1.3879829829864296,0.0
2026-01-24 08:00:00,B0,B,0,8,Saturday,1.0866542741192518,0.0
2026-01-24 09:00:00,B0,B,0,9,Saturday,3.683742352056381,0.0
2026-01-24 10:00:00,B0,B,0,10,Saturday,3.67726509336332,0.0
2026-01-24 11:00:00,B0,B,0,11,Saturday,3.5383840744087793,0.0
2026-01-24 12:00:00,B0,B,0,12,Saturday,3.9885590206147064,0.0
2026-01-24 13:00:00,B0,B,0,13,Saturday,3.4836638214110387,0.0
2026-01-24 14:00:00,B0,B,0,14,Saturday,3.6247389428552674,0.0
2026-01-24 15:00:00,B0,B,0,15,Saturday,3.639063063873784,0.0
2026-01-24 16:00:00,B0,B,0,16,Saturday,3.13532285399043,0.0
2026-01-24 17:00:00,B0,B,0,17,Saturday,3.9909443192807568,0.0
2026-01-24 18:00:00,B0,B,0,18,Saturday,4.0,0.0
2026-01-24 19:00:00,B0,B,0,19,Saturday,4.0,0.0
2026-01-24 20:00:00,B0,B,0,20,Saturday,3.9213787298469374,0.0
2026-01-24 21:00:00,B0,B,0,21,Saturday,0.8755839674769148,0.0
2026-01-24 22:00:00,B0,B,0,22,Saturday,1.1571046855268081,0.0
2026-01-24 23:00:00,B0,B,0,23,Saturday,1.6576143801965835,0.0
2026-01-25 00:00:00,B0,B,0,0,Sunday,1.1583279780489282,0.0
2026-01-25 01:00:00,B0,B,0,1,Sunday,1.0750147070217788,0.0
2026-01-25 02:00:00,B0,B,0,2,Sunday,0.9116760453481054,0.0
2026-01-25 03:00:00,B0,B,0,3,Sunday,1.2314442496640168,0.0
2026-01-25 04:00:00,B0,B,0,4,Sunday,1.1732903383193432,0.0
2026-01-25 05:00:00,B0,B,0,5,Sunday,1.4918773215958474,0.0
2026-01-25 06:00:00,B0,B,0,6,Sunday,1.1979162117840165,0.0
2026-01-25 07:00:00,B0,B,0,7,Sunday,1.458658958160047,0.0
2026-01-25 08:00:00,B0,B,0,8,Sunday,1.085706599170258,0.0
2026-01-25 09:00:00,B0,B,0,9,Sunday,4.0,0.0
2026-01-25 10:00:00,B0,B,0,10,Sunday,4.0,0.0
2026-01-25 11:00:00,B0,B,0,11,Sunday,3.494618309710716,0.0
2026-01-25 12:00:00,B0,B,0,12,Sunday,3.6616016254209596,0.0
2026-01-25 13:00:00,B0,B,0,13,Sunday,4.0,0.0
2026-01-25 14:00:00,B0,B,0,14,Sunday,3.777084963090853,0.0
2026-01-25 15:00:00,B0,B,0,15,Sunday,3.922495912376343,0.0
2026-01-25 16:00:00,B0,B,0,16,Sunday,3.727112389703396,0.0
2026-01-25 17:00:00,B0,B,0,17,Sunday,3.7318370607523934,0.0
2026-01-25 18:00:00,B0,B,0,18,Sunday,4.0,0.0
2026-01-25 19:00:00,B0,B,0,19,Sunday,4.0,0.0
2026-01-25 20:00:00,B0,B,0,20,Sunday,4.0,0.0
2026-01-25 21:00:00,B0,B,0,21,Sunday,1.6468807449494263,0.0
2026-01-25 22:00:00,B0,B,0,22,Sunday,1.3772140452251906,0.0
2026-01-25 23:00:00,B0,B,0,23,Sunday,1.4766632187372957,0.0
2026-01-26 00:00:00,B0,B,0,0,Monday,1.4755932841763713,0.0
2026-01-26 01:00:00,B0,B,0,1,Monday,1.6099126931121175,0.0
2026-01-26 02:00:00,B0,B,0,2,Monday,1.3808864964070766,0.0
2026-01-26 03:00:00,B0,B,0,3,Monday,1.7005048797042164,0.0
2026-01-26 04:00:00,B0,B,0,4,Monday,1.272658017946185,0.0
2026-01-26 05:00:00,B0,B,0,5,Monday,1.4074886403830034,0.0
2026-01-26 06:00:00,B0,B,0,6,Monday,1.4262872001289209,0.0
2026-01-26 07:00:00,B0,B,0,7,Monday,1.2002303805301535,0.0
2026-01-26 08:00:00,B0,B,0,8,Monday,1.3124533001484837,0.0
2026-01-26 09:00:00,B0,B,0,9,Monday,3.7641127941876156,0.0
2026-01-26 10:00:00,B0,B,0,10,Monday,3.859579280050122,0.0
2026-01-26 11:00:00,B0,B,0,11,Monday,3.576507031904814,0.0
2026-01-26 12:00:00,B0,B,0,12,Monday,3.745905068142059,0.0
2026-01-26 13:00:00,B0,B,0,13,Monday,3.592373800089727,0.0
2026-01-26 14:00:00,B0,B,0,14,Monday,3.463130978913697,0.0
2026-01-26 15:00:00,B0,B,0,15,Monday,4.0,0.0
2026-01-26 16:00:00,B0,B,0,16,Monday,3.516432171552866,0.0
2026-01-26 17:00:00,B0,B,0,17,Monday,4.0,0.0
2026-01-26 18:00:00,B0,B,0,18,Monday,3.863328025149284,0.0
2026-01-26 19:00:00,B0,B,0,19,Monday,3.987927811570057,0.0
2026-01-26 20:00:00,B0,B,0,20,Monday,3.8132136592659442,0.0
2026-01-26 21:00:00,B0,B,0,21,Monday,1.076480858266339,0.0
2026-01-26 22:00:00,B0,B,0,22,Monday,1.1454495229954273,0.0
2026-01-26 23:00:00,B0,B,0,23,Monday,1.3203412993181531,0.0
2026-01-27 00:00:00,B0,B,0,0,Tuesday,0.8649191787249424,0.0
2026-01-27 01:00:00,B0,B,0,1,Tuesday,1.3694644405852838,0.0
2026-01-27 02:00:00,B0,B,0,2,Tuesday,1.1600446437494014,0.0
2026-01-27 03:00:00,B0,B,0,3,Tuesday,0.9514232076689764,0.0
2026-01-27 04:00:00,B0,B,0,4,Tuesday,0.928964502389352,0.0
2026-01-27 05:00:00,B0,B,0,5,Tuesday,1.0129799855781467,0.0
2026-01-27 06:00:00,B0,B,0,6,Tuesday,1.2808948627159564,0.0
2026-01-27 07:00:00,B0,B,0,7,Tuesday,1.3779219730128234,0.0
2026-01-27 08:00:00,B0,B,0,8,Tuesday,1.1794606783261308,0.0
2026-01-27 09:00:00,B0,B,0,9,Tuesday,3.3395884221586063,0.0
2026-01-27 10:00:00,B0,B,0,10,Tuesday,3.5018969944770184,0.0
2026-01-27 11:00:00,B0,B,0,11,Tuesday,3.9188563805366634,0.0
2026-01-27 12:00:00,B0,B,0,12,Tuesday,3.5073568671486375,0.0
2026-01-27 13:00:00,B0,B,0,13,Tuesday,3.4507901068618603,0.0
2026-01-27 14:00:00,B0,B,0,14,Tuesday,3.418931847742095,0.0
2026-01-27 15:00:00,B0,B,0,15,Tuesday,4.0,0.0
2026-01-27 16:00:00,B0,B,0,16,Tuesday,3.7836650399966336,0.0
2026-01-27 17:00:00,B0,B,0,17,Tuesday,3.805519445119634,0.0
2026-01-27 18:00:00,B0,B,0,18,Tuesday,4.0,0.0
2026-01-27 19:00:00,B0,B,0,19,Tuesday,3.6357784764942487,0.0
2026-01-27 20:00:00,B0,B,0,20,Tuesday,4.0,0.0
2026-01-27 21:00:00,B0,B,0,21,Tuesday,1.0215180718202754,0.0
2026-01-27 22:00:00,B0,B,0,22,Tuesday,0.581729065320274,0.0
2026-01-27 23:00:00,B0,B,0,23,Tuesday,1.2167286051970498,0.0
2026-01-28 00:00:00,B0,B,0,0,Wednesday,0.7662639966532792,0.0
2026-01-28 01:00:00,B0,B,0,1,Wednesday,1.5682640709510207,0.0
2026-01-28 02:00:00,B0,B,0,2,Wednesday,1.3455782219339731,0.0
2026-01-28 03:00:00,B0,B,0,3,Wednesday,1.242997446807213,0.0
2026-01-28 04:00:00,B0,B,0,4,Wednesday,1.080452620293502,0.0
2026-01-28 05:00:00,B0,B,0,5,Wednesday,1.1769906594957797,0.0
2026-01-28 06:00:00,B0,B,0,6,Wednesday,1.20272208195271,0.0
2026-01-28 07:00:00,B0,B,0,7,Wednesday,1.2337664177401808,0.0
2026-01-28 08:00:00,B0,B,0,8,Wednesday,1.437335804000967,0.0
2026-01-28 09:00:00,B0,B,0,9,Wednesday,3.832925019708082,0.0
2026-01-28 10:00:00,B0,B,0,10,Wednesday,3.677945694129997,0.0
2026-01-28 11:00:00,B0,B,0,11,Wednesday,3.4632335915334442,0.0
2026-01-28 12:00:00,B0,B,0,12,Wednesday,3.267544335044627,0.0
2026-01-28 13:00:00,B0,B,0,13,Wednesday,3.302802447465112,0.0
2026-01-28 14:00:00,B0,B,0,14,Wednesday,4.0,0.0
2026-01-28 15:00:00,B0,B,0,15,Wednesday,3.7711715335489644,0.0
2026-01-28 16:00:00,B0,B,0,16,Wednesday,3.9071840875687895,0.0
2026-01-28 17:00:00,B0,B,0,17,Wednesday,3.7595525081564474,0.0
2026-01-28 18:00:00,B0,B,0,18,Wednesday,3.9848647797656405,0.0
2026-01-28 19:00:00,B0,B,0,19,Wednesday,3.995014662171491,0.0
2026-01-28 20:00:00,B0,B,0,20,Wednesday,4.0,0.0
2026-01-28 21:00:00,B0,B,0,21,Wednesday,0.9930192174401085,0.0
2026-01-28 22:00:00,B0,B,0,22,Wednesday,1.2620859016655432,0.0
2026-01-28 23:00:00,B0,B,0,23,Wednesday,0.7774261226815297,0.0
