timestamp,meter_id,zone,floor,hour,day,electricity_kwh,water_lph
2026-01-21 23:00:00,D2,D,2,23,Wednesday,1.2131127954238599,0.0
2026-01-22 00:00:00,D2,D,2,0,Thursday,0.918846636050131,0.0
2026-01-22 01:00:00,D2,D,2,1,Thursday,1.08808926499787,0.0
2026-01-22 02:00:00,D2,D,2,2,Thursday,1.1669810569809387,0.0
2026-01-22 03:00:00,D2,D,2,3,Thursday,1.608868012453319,0.0
2026-01-22 04:00:00,D2,D,2,4,Thursday,1.5586818220067866,0.0
2026-01-22 05:00:00,D2,D,2,5,Thursday,0.911836519601632,0.0
2026-01-22 06:00:00,D2,D,2,6,Thursday,1.056103677154338,0.0
2026-01-22 07:00:00,D2,D,2,7,Thursday,0.7217349548887455,0.0
2026-01-22 08:00:00,D2,D,2,8,Thursday,0.9923006603590621,0.0
2026-01-22 09:00:00,D2,D,2,9,Thursday,3.3625241244395423,0.0
2026-01-22 10:00:00,D2,D,2,10,Thursday,3.0561650990059,0.0
2026-01-22 11:00:00,D2,D,2,11,Thursday,3.1126355885869397,0.0
2026-01-22 12:00:00,D2,D,2,12,Thursday,3.1445169279332723,0.0
2026-01-22 13:00:00,D2,D,2,13,Thursday,3.3502965992034754,0.0
2026-01-22 14:00:00,D2,D,2,14,Thursday,3.734747302010562,0.0
2026-01-22 15:00:00,D2,D,2,15,Thursday,3.126303286257913,0.0
2026-01-22 16:00:00,D2,D,2,16,Thursday,2.9081884781696274,0.0
2026-01-22 17:00:00,D2,D,2,17,Thursday,3.899085867817693,0.0
2026-01-22 18:00:00,D2,D,2,18,Thursday,2.9952379684952093,0.0
2026-01-22 19:00:00,D2,D,2,19,Thursday,3.908702240006365,0.0
2026-01-22 20:00:00,D2,D,2,20,Thursday,3.566565117037638,0.0
2026-01-22 21:00:00,D2,D,2,21,Thursday,1.698659895295422,0.0
2026-01-22 22:00:00,D2,D,2,22,Thursday,0.9147596514406796,0.0
2026-01-22 23:00:00,D2,D,2,23,Thursday,1.077129792988344,0.0
2026-01-23 00:00:00,D2,D,2,0,Friday,1.2054910810610016,0.0
2026-01-23 01:00:00,D2,D,2,1,Friday,1.1826529631946032,0.0
2026-01-23 02:00:00,D2,D,2,2,Friday,0.8998993026215539,0.0
2026-01-23 03:00:00,D2,D,2,3,Friday,1.583099053669919,0.0
2026-01-23 04:00:00,D2,D,2,4,Friday,0.9745750224763757,0.0
2026-01-23 05:00:00,D2,D,2,5,Friday,1.2742298677543888,0.0
2026-01-23 06:00:00,D2,D,2,6,Friday,1.2782751988731165,0.0
2026-01-23 07:00:00,D2,D,2,7,Friday,1.0528743610572833,0.0
2026-01-23 08:00:00,D2,D,2,8,Friday,1.2522653587319597,0.0
2026-01-23 09:00:00,D2,D,2,9,Friday,3.0704543444367793,0.0
2026-01-23 10:00:00,D2,D,2,10,Friday,3.2650928901920286,0.0
2026-01-23 11:00:00,D2,D,2,11,Friday,3.3963574108441943,0.0
2026-01-23 12:00:00,D2,D,2,12,Friday,3.1103504062936707,0.0
2026-01-23 13:00:00,D2,D,2,13,Friday,3.4674159157339366,0.0
2026-01-23 14:00:00,D2,D,2,14,Friday,3.3140784573407553,0.0
2026-01-23 15:00:00,D2,D,2,15,Friday,3.109257659026228,0.0
2026-01-23 16:00:00,D2,D,2,16,Friday,3.4718889113806823,0.0
2026-01-23 17:00:00,D2,D,2,17,Friday,3.942699872480422,0.0
2026-01-23 18:00:00,D2,D,2,18,Friday,3.5610881221869017,0.0
2026-01-23 19:00:00,D2,D,2,19,Friday,3.7785567916444514,0.0
2026-01-23 20:00:00,D2,D,2,20,Friday,3.6083151640157607,0.0
2026-01-23 21:00:00,D2,D,2,21,Friday,1.17635493482977,0.0
2026-01-23 22:00:00,D2,D,2,22,Friday,1.1845701467557799,0.0
2026-01-23 23:00:00,D2,D,2,23,Friday,0.8584818501203377,0.0
2026-01-24 00:00:00,D2,D,2,0,Saturday,1.7761120002626811,0.0
2026-01-24 01:00:00,D2,D,2,1,Saturday,0.9484805149318188,0.0
2026-01-24 02:00:00,D2,D,2,2,Saturday,1.1186266903674942,0.0
2026-01-24 03:00:00,D2,D,2,3,Saturday,1.0146879335991525,0.0
2026-01-24 04:00:00,D2,D,2,4,Saturday,0.8683662089654693,0.0
2026-01-24 05:00:00,D2,D,2,5,Saturday,1.4204561387914019,0.0
2026-01-24 06:00:00,D2,D,2,6,Saturday,1.2790435559073978,0.0
2026-01-24 07:00:00,D2,D,2,7,Saturday,1.3044373199316226,0.0
2026-01-24 08:00:00,D2,D,2,8,Saturday,1.109537591103359,0.0
2026-01-24 09:00:00,D2,D,2,9,Saturday,3.7762812928722287,0.0
2026-01-24 10:00:00,D2,D,2,10,Saturday,3.2881963468592255,0.0
2026-01-24 11:00:00,D2,D,2,11,Saturday,3.7095742377751693,0.0
2026-01-24 12:00:00,D2,D,2,12,Saturday,2.8812371751932133,0.0
2026-01-24 13:00:00,D2,D,2,13,Saturday,3.168939379838058,0.0
2026-01-24 14:00:00,D2,D,2,14,Saturday,3.2342785181446994,0.0
2026-01-24 15:00:00,D2,D,2,15,Saturday,3.4665687013720508,0.0
2026-01-24 16:00:00,D2,D,2,16,Saturday,3.687997611575218,0.0
2026-01-24 17:00:00,D2,D,2,17,Saturday,3.0868437167549203,0.0
2026-01-24 18:00:00,D2,D,2,18,Saturday,3.4895845541825006,0.0
2026-01-24 19:00:00,D2,D,2,19,Saturday,3.535420991843529,0.0
2026-01-24 20:00:00,D2,D,2,20,Saturday,3.6051448003033966,0.0
2026-01-24 21:00:00,D2,D,2,21,Saturday,1.5048808085314105,0.0
2026-01-24 22:00:00,D2,D,2,22,Saturday,0.9853703379835281,0.0
2026-01-24 23:00:00,D2,D,2,23,Saturday,1.70403706530149,0.0
2026-01-25 00:00:00,D2,D,2,0,Sunday,1.2313262781768755,0.0
2026-01-25 01:00:00,D2,D,2,1,Sunday,1.4986814698125377,0.0
2026-01-25 02:00:00,D2,D,2,2,Sunday,0.8695505811194529,0.0
2026-01-25 03:00:00,D2,D,2,3,Sunday,1.4210586496841873,0.0
2026-01-25 04:00:00,D2,D,2,4,Sunday,1.0654211832476066,0.0
2026-01-25 05:00:00,D2,D,2,5,Sunday,1.1387121813144632,0.0
2026-01-25 06:00:00,D2,D,2,6,Sunday,1.3482019668049607,0.0
2026-01-25 07:00:00,D2,D,2,7,Sunday,0.8598702646827248,0.0
2026-01-25 08:00:00,D2,D,2,8,Sunday,1.4270960621815787,0.0
2026-01-25 09:00:00,D2,D,2,9,Sunday,3.456998643274421,0.0
2026-01-25 10:00:00,D2,D,2,10,Sunday,3.6024639591602226,0.0
2026-01-25 11:00:00,D2,D,2,11,Sunday,3.537722625592357,0.0
2026-01-25 12:00:00,D2,D,2,12,Sunday,3.5986208226582557,0.0
2026-01-25 13:00:00,D2,D,2,13,Sunday,3.3490313104856146,0.0
2026-01-25 14:00:00,D2,D,2,14,Sunday,2.77764137370911,0.0
2026-01-25 15:00:00,D2,D,2,15,Sunday,3.4084912761212673,0.0
2026-01-25 16:00:00,D2,D,2,16,Sunday,3.2564734629722656,0.0
2026-01-25 17:00:00,D2,D,2,17,Sunday,3.4818777705452613,0.0
2026-01-25 18:00:00,D2,D,2,18,Sunday,3.5762281697324085,0.0
2026-01-25 19:00:00,D2,D,2,19,Sunday,3.596666875384168,0.0
2026-01-25 20:00:00,D2,D,2,20,Sunday,3.4085965537003533,0.0
2026-01-25 21:00:00,D2,D,2,21,Sunday,1.5322241460256198,0.0
2026-01-25 22:00:00,D2,D,2,22,Sunday,1.4996551260410154,0.0
2026-01-25 23:00:00,D2,D,2,23,Sunday,1.1113413721799925,0.0
2026-01-26 00:00:00,D2,D,2,0,Monday,1.2510206491616314,0.0
2026-01-26 01:00:00,D2,D,2,1,Monday,0.9362437039708471,0.0
2026-01-26 02:00:00,D2,D,2,2,Monday,0.9614786629253197,0.0
2026-01-26 03:00:00,D2,D,2,3,Monday,1.5037926498052525,0.0
2026-01-26 04:00:00,D2,D,2,4,Monday,1.183843612266886,0.0
2026-01-26 05:00:00,D2,D,2,5,Monday,1.2007177321965288,0.0
2026-01-26 06:00:00,D2,D,2,6,Monday,0.9630137367859486,0.0
2026-01-26 07:00:00,D2,D,2,7,Monday,1.45782904276347,0.0
2026-01-26 08:00:00,D2,D,2,8,Monday,1.014916542733264,0.0
2026-01-26 09:00:00,D2,D,2,9,Monday,3.51461168473152,0.0
2026-01-26 10:00:00,D2,D,2,10,Monday,3.25286234491861,0.0
2026-01-26 11:00:00,D2,D,2,11,Monday,2.8955677036688323,0.0
2026-01-26 12:00:00,D2,D,2,12,Monday,3.6385416480947117,0.0
2026-01-26 13:00:00,D2,D,2,13,Monday,3.1036440451397915,0.0
2026-01-26 14:00:00,D2,D,2,14,Monday,3.48486364399872,0.0
2026-01-26 15:00:00,D2,D,2,15,Monday,3.555018026040769,0.0
2026-01-26 16:00:00,D2,D,2,16,Monday,3.7503648146544863,0.0
2026-01-26 17:00:00,D2,D,2,17,Monday,3.4280177318674125,0.0
2026-01-26 18:00:00,D2,D,2,18,Monday,3.4876526236350758,0.0
2026-01-26 19:00:00,D2,D,2,19,Monday,3.7392517580948383,0.0
2026-01-26 20:00:00,D2,D,2,20,Monday,3.8094388603550113,0.0
2026-01-26 21:00:00,D2,D,2,21,Monday,1.1045650522404742,0.0
2026-01-26 22:00:00,D2,D,2,22,Monday,1.4496133472314972,0.0
2026-01-26 23:00:00,D2,D,2,23,Monday,1.2317665485974676,0.0
2026-01-27 00:00:00,D2,D,2,0,Tuesday,0.9924252832575953,0.0
2026-01-27 01:00:00,D2,D,2,1,Tuesday,0.9493344279547921,0.0
2026-01-27 02:00:00,D2,D,2,2,Tuesday,0.7855500684140513,0.0
2026-01-27 03:00:00,D2,D,2,3,Tuesday,1.0598936770355005,0.0
2026-01-27 04:00:00,D2,D,2,4,Tuesday,1.0034511010133291,0.0
2026-01-27 05:00:00,D2,D,2,5,Tuesday,1.2833825635278424,0.0
2026-01-27 06:00:00,D2,D,2,6,Tuesday,1.1242133358531157,0.0
2026-01-27 07:00:00,D2,D,2,7,Tuesday,1.175911313351688,0.0
2026-01-27 08:00:00,D2,D,2,8,Tuesday,1.1690894888411074,0.0
2026-01-27 09:00:00,D2,D,2,9,Tuesday,3.3125577657009933,0.0
2026-01-27 10:00:00,D2,D,2,10,Tuesday,3.29066234060691,0.0
2026-01-27 11:00:00,D2,D,2,11,Tuesday,3.121924034063666,0.0
2026-01-27 12:00:00,D2,D,2,12,Tuesday,3.458653743631372,0.0
2026-01-27 13:00:00,D2,D,2,13,Tuesday,3.363319013765654,0.0
2026-01-27 14:00:00,D2,D,2,14,Tuesday,2.972675159849794,0.0
2026-01-27 15:00:00,D2,D,2,15,Tuesday,3.048245751682168,0.0
2026-01-27 16:00:00,D2,D,2,16,Tuesday,3.3464926913084265,0.0
2026-01-27 17:00:00,D2,D,2,17,Tuesday,3.660131811497213,0.0
2026-01-27 18:00:00,D2,D,2,18,Tuesday,3.7849615708672166,0.0
2026-01-27 19:00:00,D2,D,2,19,Tuesday,3.326105011487328,0.0
2026-01-27 20:00:00,D2,D,2,20,Tuesday,3.9138098363415956,0.0
2026-01-27 21:00:00,D2,D,2,21,Tuesday,0.8570106814287146,0.0
2026-01-27 22:00:00,D2,D,2,22,Tuesday,1.060332929320135,0.0
2026-01-27 23:00:00,D2,D,2,23,Tuesday,1.1027116892146063,0.0
2026-01-28 00:00:00,D2,D,2,0,Wednesday,0.8786040103911388,0.0
2026-01-28 01:00:00,D2,D,2,1,Wednesday,1.7558898967434042,0.0
2026-01-28 02:00:00,D2,D,2,2,Wednesday,1.2800933097471132,0.0
2026-01-28 03:00:00,D2,D,2,3,Wednesday,1.3689424624081203,0.0
2026-01-28 04:00:00,D2,D,2,4,Wednesday,1.1686377491925959,0.0
2026-01-28 05:00:00,D2,D,2,5,Wednesday,1.2084530167718686,0.0
2026-01-28 06:00:00,D2,D,2,6,Wednesday,0.8306490871423868,0.0
2026-01-28 07:00:00,D2,D,2,7,Wednesday,0.9465202957148833,0.0
2026-01-28 08:00:00,D2,D,2,8,Wednesday,1.1557849728012568,0.0
2026-01-28 09:00:00,D2,D,2,9,Wednesday,3.623089100166247,0.0
2026-01-28 10:00:00,D2,D,2,10,Wednesday,3.0909402181169137,0.0
2026-01-28 11:00:00,D2,D,2,11,Wednesday,3.426720254450316,0.0
2026-01-28 12:00:00,D2,D,2,12,Wednesday,3.636471843149822,0.0
2026-01-28 13:00:00,D2,D,2,13,Wednesday,3.1052643853346233,0.0
2026-01-28 14:00:00,D2,D,2,14,Wednesday,3.6262377942941013,0.0
2026-01-28 15:00:00,D2,D,2,15,Wednesday,3.3967900682489396,0.0
2026-01-28 16:00:00,D2,D,2,16,Wednesday,2.9699997662501603,0.0
2026-01-28 17:00:00,D2,D,2,17,Wednesday,3.5842439857849,0.0
2026-01-28 18:00:00,D2,D,2,18,Wednesday,3.28334696777851,0.0
2026-01-28 19:00:00,D2,D,2,19,Wednesday,3.6261893018879316,0.0
2026-01-28 20:00:00,D2,D,2,20,Wednesday,3.0149571868444642,0.0
2026-01-28 21:00:00,D2,D,2,21,Wednesday,0.9904998623106047,0.0
2026-01-28 22:00:00,D2,D,2,22,Wednesday,0.8194026266283403,0.0
2026-01-28 23:00:00,D2,D,2,23,Wednesday,0.9916489444645795,0.0
